exp,arm,depth,load_pct,size,trial,t0,submit,priority,alloc,start,finish,scout_start,scout_finish,bg_total,bg_done,work_s,load_cores,load_secs,timedout
e1,coscheduled,0,0,8,1,1788854227.592280010,1788854227.698338,1788854229.949050,1788854229.970067,1788854229.991223,1788854235.122738,1788854227.832955,1788854235.171826,1,1788854227.700011269,5,0,900,0
e1,baseline,0,0,8,1,1788854235.459986310,1788854235.651085,,1788854235.710232,1788854235.731402,1788854242.783544,,,1,1788854235.568152458,5,0,900,0
e1,baseline,0,0,8,2,1788854243.066328815,1788854243.260193,,1788854243.319623,1788854243.340874,1788854250.394598,,,1,1788854243.174593744,5,0,900,0
e1,coscheduled,0,0,8,2,1788854250.670872073,1788854250.871995,1788854253.109068,1788854253.117904,1788854253.138409,1788854258.255490,1788854251.003680,1788854258.301751,1,1788854250.778583527,5,0,900,0
e1,coscheduled,0,0,8,3,1788854258.596247617,1788854258.798007,1788854261.045251,1788854261.066339,1788854261.087686,1788854266.218782,1788854258.929035,1788854266.268561,1,1788854258.704664824,5,0,900,0
e1,baseline,0,0,8,3,1788854266.560010495,1788854266.753369,,1788854266.812932,1788854266.834463,1788854273.902631,,,1,1788854266.668484738,5,0,900,0
e1,baseline,0,0,8,4,1788854274.181230536,1788854274.375410,,1788854274.434758,1788854274.456239,1788854281.525340,,,1,1788854274.289885576,5,0,900,0
e1,coscheduled,0,0,8,4,1788854281.801944296,1788854282.004154,1788854284.251657,1788854284.272837,1788854284.294430,1788854289.427027,1788854282.135969,1788854289.476347,1,1788854281.910533670,5,0,900,0
e1,coscheduled,0,0,8,5,1788854289.767823565,1788854289.970381,1788854292.216737,1788854292.237961,1788854292.259299,1788854297.389989,1788854290.101490,1788854297.439671,1,1788854289.876585579,5,0,900,0
e1,baseline,0,0,8,5,1788854297.728911100,1788854297.921832,,1788854297.981350,1788854298.002879,1788854305.071715,,,1,1788854297.836784189,5,0,900,0
e1,coscheduled,0,0,8,6,1788854305.354780726,1788854305.557311,1788854307.804769,1788854307.825939,1788854307.847273,1788854312.978291,1788854305.688862,1788854313.028092,1,1788854305.463380867,5,0,900,0
e1,baseline,0,0,8,6,1788854313.321033290,1788854313.513604,,1788854313.573171,1788854313.594709,1788854320.662733,,,1,1788854313.428604134,5,0,900,0
e1,coscheduled,0,0,8,7,1788854320.943606437,1788854321.145261,1788854323.393426,1788854323.414615,1788854323.436011,1788854328.567340,1788854321.277148,1788854328.617877,1,1788854321.052008428,5,0,900,0
e1,baseline,0,0,8,7,1788854328.907765574,1788854329.099829,,1788854329.159534,1788854329.181047,1788854336.249499,,,1,1788854329.016243624,5,0,900,0
e1,coscheduled,0,0,8,8,1788854336.532025846,1788854336.732410,1788854338.981331,1788854339.002554,1788854339.023995,1788854344.155032,1788854336.864523,1788854344.206415,1,1788854336.640262099,5,0,900,0
e1,baseline,0,0,8,8,1788854344.498008623,1788854344.691168,,1788854344.751024,1788854344.772664,1788854351.842265,,,1,1788854344.605807869,5,0,900,0
e1,baseline,0,0,8,9,1788854352.124210788,1788854352.317203,,1788854352.377105,1788854352.398760,1788854359.466902,,,1,1788854352.231417350,5,0,900,0
e1,coscheduled,0,0,8,9,1788854359.742173152,1788854359.944083,1788854362.192492,1788854362.213890,1788854362.235356,1788854367.366575,1788854360.076660,1788854367.416995,1,1788854359.849575301,5,0,900,0
e1,coscheduled,0,0,8,10,1788854367.710056061,1788854367.909964,1788854370.158035,1788854370.179361,1788854370.200846,1788854375.333023,1788854368.041692,1788854375.382911,1,1788854367.818148732,5,0,900,0
e1,baseline,0,0,8,10,1788854375.669471682,1788854375.862999,,1788854375.922941,1788854375.944601,1788854383.013319,,,1,1788854375.777053415,5,0,900,0
e1,baseline,7,0,8,1,1788854383.295404639,1788854383.490147,,1788854383.550293,1788854383.572044,1788854390.992318,,,1,1788854383.402546190,5,0,900,0
e1,coscheduled,7,0,8,1,1788854391.267082066,1788854391.467843,1788854394.067458,1788854394.088687,1788854394.110160,1788854399.242997,1788854391.600720,1788854399.293972,1,1788854391.374776028,5,0,900,0
e1,coscheduled,7,0,8,2,1788854399.587504242,1788854399.788310,1788854402.387190,1788854402.408607,1788854402.430120,1788854407.560899,1788854399.920370,1788854407.611229,1,1788854399.694663640,5,0,900,0
e1,baseline,7,0,8,2,1788854407.902958441,1788854408.096321,,1788854408.156486,1788854408.178221,1788854415.597883,,,1,1788854408.009999083,5,0,900,0
e1,baseline,7,0,8,3,1788854415.880556889,1788854416.074167,,1788854416.134460,1788854416.156267,1788854423.575763,,,1,1788854415.988279509,5,0,900,0
e1,coscheduled,7,0,8,3,1788854423.851280164,1788854424.053229,1788854426.653501,1788854426.674832,1788854426.696423,1788854431.828221,1788854424.186527,1788854431.879185,1,1788854423.959057401,5,0,900,0
e1,baseline,7,0,8,4,1788854432.177111953,1788854432.371305,,1788854432.431440,1788854432.453140,1788854439.873855,,,1,1788854432.284520371,5,0,900,0
e1,coscheduled,7,0,8,4,1788854440.149737502,1788854440.350399,1788854442.950925,1788854442.972257,1788854442.998194,1788854448.129618,1788854440.484174,1788854448.179229,1,1788854440.258003524,5,0,900,0
e1,coscheduled,7,0,8,5,1788854448.475331744,1788854448.675858,1788854451.275202,1788854451.297202,1788854451.318785,1788854456.450181,1788854448.808264,1788854456.501057,1,1788854448.585533435,5,0,900,0
e1,baseline,7,0,8,5,1788854456.791677713,1788854456.984913,,1788854457.045349,1788854457.067165,1788854464.486984,,,1,1788854456.899661859,5,0,900,0
e1,baseline,7,0,8,6,1788854464.768042391,1788854464.961174,,1788854465.021469,1788854465.043362,1788854472.462776,,,1,1788854464.875636384,5,0,900,0
e1,coscheduled,7,0,8,6,1788854472.738342664,1788854472.939322,1788854475.539883,1788854475.561258,1788854475.582936,1788854480.713736,1788854473.073270,1788854480.764573,1,1788854472.845631396,5,0,900,0
e1,baseline,7,0,8,7,1788854481.060711940,1788854481.254431,,1788854481.314574,1788854481.336335,1788854488.756030,,,1,1788854481.168747355,5,0,900,0
e1,coscheduled,7,0,8,7,1788854489.032954842,1788854489.233221,1788854491.834226,1788854491.855691,1788854491.877386,1788854497.008542,1788854489.367537,1788854497.059518,1,1788854489.141747000,5,0,900,0
e1,baseline,7,0,8,8,1788854497.353787277,1788854497.546592,,1788854497.606750,1788854497.628664,1788854505.048213,,,1,1788854497.464084565,5,0,900,0
e1,coscheduled,7,0,8,8,1788854505.329724424,1788854505.532548,1788854508.133301,1788854508.154716,1788854508.176450,1788854513.307691,1788854505.666812,1788854513.358741,1,1788854505.437770837,5,0,900,0
e1,baseline,7,0,8,9,1788854513.652336958,1788854513.844746,,1788854513.904883,1788854513.926771,1788854521.346472,,,1,1788854513.761061774,5,0,900,0
e1,coscheduled,7,0,8,9,1788854521.628193710,1788854521.829019,1788854524.430643,1788854524.452116,1788854524.473874,1788854529.605290,1788854521.963617,1788854529.656451,1,1788854521.736716247,5,0,900,0
e1,baseline,7,0,8,10,1788854529.951583745,1788854530.145523,,1788854530.206322,1788854530.228545,1788854537.648366,,,1,1788854530.060535338,5,0,900,0
e1,coscheduled,7,0,8,10,1788854537.925715607,1788854538.124976,1788854540.727494,1788854540.749040,1788854540.770814,1788854545.903178,1788854538.259937,1788854545.954165,1,1788854538.033964823,5,0,900,0
e1,baseline,14,0,8,1,1788854546.251094185,1788854546.443728,,1788854546.504171,1788854546.526100,1788854554.297474,,,1,1788854546.359754697,5,0,900,0
e1,coscheduled,14,0,8,1,1788854554.578153506,1788854554.779918,1788854557.732845,1788854557.755885,1788854557.777790,1788854562.909275,1788854554.915168,1788854562.958698,1,1788854554.685960174,5,0,900,0
e1,baseline,14,0,8,2,1788854563.253919435,1788854563.446788,,1788854563.507143,1788854563.529093,1788854571.298933,,,1,1788854563.360665812,5,0,900,0
e1,coscheduled,14,0,8,2,1788854571.576881978,1788854571.776603,1788854574.728599,1788854574.750215,1788854574.772051,1788854579.903679,1788854571.911511,1788854579.953281,1,1788854571.684324733,5,0,900,0
e1,coscheduled,14,0,8,3,1788854580.249664180,1788854580.449597,1788854583.399641,1788854583.422284,1788854583.444533,1788854588.575844,1788854580.583034,1788854588.625108,1,1788854580.357399715,5,0,900,0
e1,baseline,14,0,8,3,1788854588.915473850,1788854589.107785,,1788854589.168190,1788854589.190111,1788854596.959934,,,1,1788854589.022586761,5,0,900,0
e1,baseline,14,0,8,4,1788854597.241699205,1788854597.435827,,1788854597.496862,1788854597.519089,1788854605.288418,,,1,1788854597.350487907,5,0,900,0
e1,coscheduled,14,0,8,4,1788854605.564198562,1788854605.766993,1788854608.718480,1788854608.740102,1788854608.762012,1788854613.893803,1788854605.901485,1788854613.944196,1,1788854605.671935676,5,0,900,0
e1,coscheduled,14,0,8,5,1788854614.237268218,1788854614.440118,1788854617.390845,1788854617.413018,1788854617.435228,1788854622.565983,1788854614.574010,1788854622.615107,1,1788854614.345583233,5,0,900,0
e1,baseline,14,0,8,5,1788854622.905528167,1788854623.098555,,1788854623.159051,1788854623.181059,1788854630.950698,,,1,1788854623.014964809,5,0,900,0
e1,coscheduled,14,0,8,6,1788854631.230418220,1788854631.429827,1788854634.382749,1788854634.404372,1788854634.426296,1788854639.556695,1788854631.565122,1788854639.606257,1,1788854631.339090808,5,0,900,0
e1,baseline,14,0,8,6,1788854639.895189566,1788854640.088446,,1788854640.148956,1788854640.171019,1788854647.941318,,,1,1788854640.002565338,5,0,900,0
e1,baseline,14,0,8,7,1788854648.223412745,1788854648.417414,,1788854648.478604,1788854648.500970,1788854656.270528,,,1,1788854648.332037576,5,0,900,0
e1,coscheduled,14,0,8,7,1788854656.547793977,1788854656.747684,1788854659.698982,1788854659.721031,1788854659.743001,1788854664.876295,1788854656.882158,1788854664.925866,1,1788854656.657322126,5,0,900,0
e1,coscheduled,14,0,8,8,1788854665.220731345,1788854665.423007,1788854668.374603,1788854668.396282,1788854668.418226,1788854673.549560,1788854665.557213,1788854673.599874,1,1788854665.329678275,5,0,900,0
e1,baseline,14,0,8,8,1788854673.888689732,1788854674.081406,,1788854674.142219,1788854674.164420,1788854681.933827,,,1,1788854673.996547192,5,0,900,0
e1,coscheduled,14,0,8,9,1788854682.217384012,1788854682.417727,1788854685.370163,1788854685.392649,1788854685.414737,1788854690.545664,1788854682.552870,1788854690.595096,1,1788854682.324968565,5,0,900,0
e1,baseline,14,0,8,9,1788854690.889194503,1788854691.082994,,1788854691.143771,1788854691.165914,1788854698.935884,,,1,1788854690.998869721,5,0,900,0
e1,coscheduled,14,0,8,10,1788854699.215444875,1788854699.416787,1788854702.370085,1788854702.391853,1788854702.414164,1788854707.545727,1788854699.552225,1788854707.595482,1,1788854699.322668784,5,0,900,0
e1,baseline,14,0,8,10,1788854707.886111679,1788854708.079350,,1788854708.140025,1788854708.162146,1788854715.931709,,,1,1788854707.994049358,5,0,900,0
e1,coscheduled,100,0,8,1,1788854716.214847731,1788854716.414854,1788854723.674204,1788854723.696437,1788854723.718737,1788854728.849987,1788854716.550307,1788854728.900388,1,1788854716.323589142,5,0,900,0
e1,baseline,100,0,8,1,1788854729.192306099,1788854729.386143,,1788854729.448234,1788854729.470717,1788854741.547025,,,1,1788854729.299326732,5,0,900,0
e1,coscheduled,100,0,8,2,1788854741.847270735,1788854742.047396,1788854749.305725,1788854749.327700,1788854749.349921,1788854754.481589,1788854742.182731,1788854754.531893,1,1788854741.955052449,5,0,900,0
e1,baseline,100,0,8,2,1788854754.825991325,1788854755.018745,,1788854755.080298,1788854755.102712,1788854767.178655,,,1,1788854754.933656208,5,0,900,0
e1,baseline,100,0,8,3,1788854767.475632599,1788854767.668805,,1788854767.730252,1788854767.752719,1788854779.829938,,,1,1788854767.582770709,5,0,900,0
e1,coscheduled,100,0,8,3,1788854780.127142253,1788854780.327511,1788854787.585917,1788854787.607956,1788854787.630178,1788854792.761683,1788854780.462971,1788854792.812008,1,1788854780.235294815,5,0,900,0
e1,baseline,100,0,8,4,1788854793.110019093,1788854793.304482,,1788854793.366420,1788854793.388874,1788854805.465229,,,1,1788854793.217676251,5,0,900,0
e1,coscheduled,100,0,8,4,1788854805.762705289,1788854805.963440,1788854813.222656,1788854813.244782,1788854813.267040,1788854818.397649,1788854806.098892,1788854818.448357,1,1788854805.870187172,5,0,900,0
e1,baseline,100,0,8,5,1788854818.743959724,1788854818.937953,,1788854819.006153,1788854819.028577,1788854831.105306,,,1,1788854818.852293413,5,0,900,0
e1,coscheduled,100,0,8,5,1788854831.401436953,1788854831.601423,1788854838.860614,1788854838.882704,1788854838.904955,1788854844.036386,1788854831.737175,1788854844.086875,1,1788854831.509352092,5,0,900,0
e1,baseline,100,0,8,6,1788854844.381495588,1788854844.573933,,1788854844.635362,1788854844.657782,1788854856.734015,,,1,1788854844.489631183,5,0,900,0
e1,coscheduled,100,0,8,6,1788854857.012623699,1788854857.214473,1788854864.476141,1788854864.498359,1788854864.520605,1788854869.651967,1788854857.352716,1788854869.702621,1,1788854857.121654458,5,0,900,0
e1,baseline,100,0,8,7,1788854869.996337384,1788854870.190396,,1788854870.251891,1788854870.274451,1788854882.350751,,,1,1788854870.104521906,5,0,900,0
e1,coscheduled,100,0,8,7,1788854882.631696725,1788854882.833313,1788854890.092802,1788854890.115055,1788854890.137546,1788854895.270798,1788854882.968048,1788854895.321134,1,1788854882.739598500,5,0,900,0
e1,coscheduled,100,0,8,8,1788854895.615781741,1788854895.816222,1788854903.073489,1788854903.095883,1788854903.118278,1788854908.249135,1788854895.950682,1788854908.299624,1,1788854895.722653196,5,0,900,0
e1,baseline,100,0,8,8,1788854908.593181481,1788854908.785621,,1788854908.846914,1788854908.869385,1788854920.946479,,,1,1788854908.702640232,5,0,900,0
e1,coscheduled,100,0,8,9,1788854921.236534234,1788854921.436607,1788854928.697746,1788854928.719866,1788854928.742210,1788854933.873029,1788854921.573711,1788854933.923848,1,1788854921.343754505,5,0,900,0
e1,baseline,100,0,8,9,1788854934.213448061,1788854934.406621,,1788854934.468303,1788854934.490786,1788854946.568204,,,1,1788854934.320429468,5,0,900,0
e1,coscheduled,100,0,8,10,1788854946.850415263,1788854947.051307,1788854954.310869,1788854954.333034,1788854954.355404,1788854959.487643,1788854947.187363,1788854959.538077,1,1788854946.957636107,5,0,900,0
e1,baseline,100,0,8,10,1788854959.828011942,1788854960.020771,,1788854960.082405,1788854960.104905,1788854972.181804,,,1,1788854959.935475135,5,0,900,0
e1,baseline,491,0,8,1,1788854972.465969310,1788854972.660192,,1788854972.721698,1788854972.744218,1788855004.394168,,,1,1788854972.573191664,5,0,900,0
e1,coscheduled,491,0,8,1,1788855004.692199645,1788855004.893653,1788855031.727757,1788855031.750973,1788855031.773783,1788855036.905897,1788855005.029286,1788855036.955814,1,1788855004.799808320,5,0,900,0
e1,baseline,491,0,8,2,1788855037.251988084,1788855037.444725,,1788855037.506135,1788855037.528610,1788855069.184665,,,1,1788855037.359176351,5,0,900,0
e1,coscheduled,491,0,8,2,1788855069.481870908,1788855069.684218,1788855096.519953,1788855096.543277,1788855096.566189,1788855101.697518,1788855069.820873,1788855101.748026,1,1788855069.589639818,5,0,900,0
e1,baseline,491,0,8,3,1788855102.043860754,1788855102.239414,,1788855102.300838,1788855102.323282,1788855133.977591,,,1,1788855102.150462051,5,0,900,0
e1,coscheduled,491,0,8,3,1788855134.274771581,1788855134.475531,1788855161.310725,1788855161.334083,1788855161.356941,1788855166.488502,1788855134.611312,1788855166.538676,1,1788855134.382137475,5,0,900,0
e1,coscheduled,491,0,8,4,1788855166.835447799,1788855167.036082,1788855193.870614,1788855193.893933,1788855193.916882,1788855199.048166,1788855167.172094,1788855199.098191,1,1788855166.942736523,5,0,900,0
e1,baseline,491,0,8,4,1788855199.387666565,1788855199.580959,,1788855199.642452,1788855199.664970,1788855231.318741,,,1,1788855199.495183927,5,0,900,0
e1,baseline,491,0,8,5,1788855231.621829453,1788855231.815146,,1788855231.877118,1788855231.899878,1788855263.555208,,,1,1788855231.728401906,5,0,900,0
e1,coscheduled,491,0,8,5,1788855263.853676741,1788855264.053779,1788855290.889725,1788855290.913013,1788855290.936020,1788855296.066952,1788855264.190538,1788855296.117182,1,1788855263.960711784,5,0,900,0
e1,baseline,491,0,8,6,1788855296.409018851,1788855296.602110,,1788855296.663608,1788855296.686106,1788855328.338108,,,1,1788855296.515442425,5,0,900,0
e1,coscheduled,491,0,8,6,1788855328.635091274,1788855328.836012,1788855355.671994,1788855355.695263,1788855355.718380,1788855360.849939,1788855328.972958,1788855360.900752,1,1788855328.742877408,5,0,900,0
e1,coscheduled,491,0,8,7,1788855361.196505196,1788855361.397614,1788855388.233154,1788855388.256464,1788855388.279675,1788855393.411929,1788855361.533954,1788855393.462788,1,1788855361.304230778,5,0,900,0
e1,baseline,491,0,8,7,1788855393.754884460,1788855393.946961,,1788855394.008547,1788855394.031164,1788855425.686239,,,1,1788855393.861450658,5,0,900,0
e1,coscheduled,491,0,8,8,1788855425.987443933,1788855426.188880,1788855453.024918,1788855453.048307,1788855453.071295,1788855458.203672,1788855426.325088,1788855458.254080,1,1788855426.095068994,5,0,900,0
e1,baseline,491,0,8,8,1788855458.546524668,1788855458.741008,,1788855458.802641,1788855458.825352,1788855490.479465,,,1,1788855458.652982196,5,0,900,0
e1,coscheduled,491,0,8,9,1788855490.780217733,1788855490.980548,1788855517.815758,1788855517.839170,1788855517.862264,1788855522.993705,1788855491.117120,1788855523.044238,1,1788855490.887245515,5,0,900,0
e1,baseline,491,0,8,9,1788855523.337008367,1788855523.529654,,1788855523.591319,1788855523.613981,1788855555.265807,,,1,1788855523.444416566,5,0,900,0
e1,baseline,491,0,8,10,1788855555.563570214,1788855555.755992,,1788855555.818154,1788855555.841133,1788855587.496054,,,1,1788855555.670593761,5,0,900,0
e1,coscheduled,491,0,8,10,1788855587.796168401,1788855587.997452,1788855614.833102,1788855614.856615,1788855614.879668,1788855620.011080,1788855588.133905,1788855620.061575,1,1788855587.903275554,5,0,900,0
